Course Code,Prerequisites
125:201,750:116 and 750:124 and 750:271 and 640:152 or 750:116 and 750:124 and 750:271 and 640:192 or 640:136 and 640:136 and 640:136 and 750:213 or 640:122 and 640:122 and 640:122 and 750:131
125:208,640:251 and 750:124 and 125:201 and 440:221 or 640:251 and 750:124 and 125:201 and 440:291 or 640:291 and 750:124 and 125:201 and 440:221 or 640:291 and 750:124 and 125:201 and 440:291 or 640:251 and 750:271 and 125:201 and 440:221 or 640:291 and 750:271 and 125:201 and 440:291
125:255,750:116 and 750:124 and 750:271 and 640:152 or 750:116 and 750:124 and 750:271 and 640:192 or 640:136 and 640:136 and 640:136 and 750:213 or 640:122 and 640:122 and 640:122 and 750:131
125:303,125:201 and 125:255 and 640:244 and 640:292 or 125:201 and 125:255 and 640:244 and 640:244 or 125:201 and 125:255 and 640:244 and 640:314
125:304,125:201 and 125:255 and 125:201 and 125:255 or 125:201 and 125:355 and 125:355 and 125:201 or 635:203 and 635:203 and 635:206 and 635:206 or 635:203 and 635:203 and 635:204 and 635:204
125:305,125:201 and 440:127 and 640:244 and 125:255 or 125:201 and 440:127 and 440:191 and 125:255 or 125:201 and 440:127 and 640:292 and 125:255
125:306,125:201 and 125:255 and 640:244 and 119:115 or 640:292 and 119:115 and 125:201 and 125:255 or 125:201 and 125:255 and 640:244 and 119:117 or 640:292 and 119:117 and 125:201 and 125:255 or 125:201 and 125:355 and 640:244 and 119:115 or 125:201 and 125:355 and 640:244 and 119:117
125:308,125:201 and 440:221 and 640:251 and 125:255 or 125:201 and 440:221 and 640:291 and 125:255 or 125:201 and 440:291 and 640:251 and 125:255 or 125:201 and 440:291 and 640:291 and 125:255
125:309,125:201 and 640:251 and 750:227 and 125:255 or 125:201 and 640:251 and 750:275 and 125:255 or 125:201 and 640:251 and 750:271 and 125:255 or 125:201 and 640:251 and 750:271 and 125:255 or 125:201 and 640:235 and 750:214 and 125:255 or 125:201 and 640:221 and 750:132 and 125:255
125:310,125:201 and 640:251 and 750:227 and 125:255 or 125:201 and 640:251 and 750:275 and 125:255 or 125:201 and 640:251 and 750:271 and 125:255 or 125:201 and 640:251 and 750:271 and 125:255 or 125:201 and 640:235 and 750:214 and 125:255 or 125:201 and 640:221 and 750:132 and 125:255
125:315,125:201 or 125:255 and 125:309 and 125:310
125:401,125:305 and 125:303 and 125:306 and 125:315 or 125:304 and 125:305 and 125:306 and 125:315 or 125:309 and 125:310 and 125:308 and 125:315 or 125:308 and 125:304 and 125:306 and 125:305
125:402,125:401
125:403,125:208 and 125:303 and 125:303 and 125:315 or 125:303 and 125:303 and 125:308 and 125:315
125:409,125:208 and 125:303 and 125:315 and 125:315 or 125:303 and 125:308 and 125:315 and 125:315
125:411,125:309 or 125:310
125:416,125:305
125:417,125:208 or 125:308
125:421,125:208 and 125:303 and 125:306 and 125:315 or 125:308 and 125:303 and 125:306 and 125:315
125:422,125:208 and 125:303 and 125:306 and 125:315 or 125:308 and 125:303 and 125:306 and 125:315
125:424,125:315 or 332:321 or 332:373
125:431,125:309
125:432,125:201 or 125:255 and 125:308
125:433,125:303
125:434,125:433
125:436,125:303
125:437,125:303 and 125:201 and 125:306 and 125:255 or 125:303 and 125:306 and 125:305 and 125:355 or 125:305 and 125:201 and 125:306 and 125:255
125:445,125:303
125:450,125:210 or 125:309
125:455,125:401
125:465,125:303 or 650:312
125:470,125:309 or 125:310 and 125:255 and 125:315
125:475,125:304
125:499,125:309 or 125:310
155:201,640:152 and 640:154 and 640:192 and 160:160 or 640:152 and 640:154 and 640:192 and 160:162 or 640:152 and 640:154 and 640:192 and 160:116 or 640:152 and 640:154 and 640:192 and 160:116 or 640:152 and 640:136 and 640:122 and 160:116 or 640:152 and 640:136 and 640:122 and 160:116
155:208,155:201
155:210,160:307 and 160:315 and 640:152
155:303,155:208 or 640:244
155:304,155:303 or 155:309
155:307,640:244 and 155:201 and 440:127 and 440:127 or 640:244 and 155:201 and 198:101 and 198:101 or 640:244 and 155:201 and 198:151 and 198:151 or 640:314 and 155:201 and 440:127 and 440:127 or 640:314 and 155:201 and 198:101 and 198:101 or 640:314 and 155:201 and 440:127 and 440:127
155:309,155:208
155:324,155:303 or 155:307 and 155:309
155:341,155:303 or 155:307
155:407,160:159 and 160:161 and 440:221 or 160:159 and 160:161 and 440:291
155:409,155:208 or 155:304
155:411,155:210 or 155:303 and 155:307 and 155:309
155:415,155:304 or 155:324 and 155:341
155:416,155:415 or 155:341
155:422,155:307 or 155:324 and 155:341
155:427,155:304 and 155:324 and 155:341 and 160:308 or 155:304 and 155:324 and 155:341 and 160:316
155:428,155:415
155:453,155:303
160:133,640:026
160:134,640:026 or 640:111 or 640:115 or 640:135 or 640:151
160:159,640:103 or 640:104 or 640:112 or 640:115 or 640:135 or 640:151
160:160,640:112 and 640:115 and 160:159
160:161,640:111 or 640:115 or 640:135 or 640:138 or 640:151 or 640:152 or 640:291
160:162,160:161 or 160:159 or 160:163 or 160:165 or 160:115 or 160:115
160:163,640:112 or 640:115 or 640:151 or 640:135
160:164,160:163
160:165,640:111 or 640:115 or 640:135 or 640:138 or 640:151 or 640:152 or 640:291
160:166,160:165 or 160:159 or 160:161 or 160:163
160:171,160:159 or 160:161 or 160:163 or 160:165 or 160:115 or 160:115
160:191,160:160 or 160:162 or 160:164 or 160:116 or 160:166 or 160:116
160:200,160:171
160:209,160:160 or 160:162 or 160:164 or 160:116 or 160:116 or 160:116 or 160:165
160:211,160:171
160:251,160:160 and 160:162 and 160:164 and 160:171
160:305,160:160 or 160:162 or 160:164 or 160:116 or 160:116
160:306,160:305 or 160:307 or 160:315
160:307,160:160 or 160:162 or 160:164 or 160:116 or 160:166 or 160:116
160:308,160:307 or 160:315
160:309,160:305 and 160:307 and 160:315 and 160:171
160:310,160:308 and 160:316 and 160:309
160:311,160:307 and 160:171 and 160:113 or 160:125 and 160:171 and 160:307 or 160:315 and 160:171 and 160:113 or 160:125 and 160:171 and 160:315
160:313,160:160 and 160:171 and 160:160 and 160:171 or 160:162 and 160:171 and 160:162 and 160:171 or 160:164 and 160:171 and 160:164 and 160:171
160:314,160:307 and 160:315 and 160:313
160:315,160:160 or 160:162 or 160:164
160:316,160:315
160:323,160:160 and 160:162 and 160:164 and 640:251 or 160:160 and 160:162 and 160:164 and 640:291
160:324,160:323 or 160:341 or 160:327
160:325,160:323 or 160:327 or 160:341
160:327,160:162 and 750:203 and 750:204 and 640:251 or 160:162 and 750:202 and 750:202 and 640:251 or 160:160 and 750:227 and 640:251 and 640:251 or 160:164 and 750:203 and 750:204 and 640:251
160:328,160:162 and 750:203 and 750:204 and 640:251 or 160:162 and 750:202 and 750:202 and 640:251 or 160:160 and 750:227 and 640:251 and 640:251 or 160:164 and 750:203 and 750:204 and 640:251
160:329,160:323 or 160:327 or 160:341
160:341,160:162 and 750:203 and 750:204 and 640:251 or 160:164 and 750:203 and 750:204 and 640:251 or 160:160 and 750:227 and 640:251 and 640:251 or 160:162 and 750:201 and 750:202 and 640:251
160:342,160:162 and 750:203 and 750:204 and 640:251 or 160:162 and 750:202 and 750:202 and 640:251 or 160:160 and 750:227 and 640:251 and 640:251 or 160:164 and 750:203 and 750:204 and 640:251 or 160:162 and 750:193 and 750:194 and 640:251
160:348,160:251
160:351,160:305 and 160:307 and 160:315 and 640:152
160:352,160:351
160:353,160:351
160:361,160:305 and 160:307 and 160:315 and 640:136 or 160:305 and 160:307 and 160:315 and 640:138 or 160:305 and 160:307 and 160:315 and 640:152 or 160:305 and 160:307 and 160:315 and 640:154 or 160:305 and 160:307 and 160:315 and 640:192
160:371,160:306 and 160:308 and 160:316 and 160:361
160:387,160:161 and 160:162 and 160:162 and 160:162 or 160:163 and 160:164 and 160:164 and 160:164
160:409,160:324 and 160:328 and 160:342 and 160:308
160:410,160:308 or 160:316 or 160:306
160:411,160:308 and 160:316 and 160:324 or 160:308 and 160:316 and 160:328 or 160:308 and 160:316 and 160:342
160:412,160:308 and 160:324 and 160:328 or 160:308 and 160:324 and 160:342
160:415,160:324 and 160:328 and 160:342 and 160:308
160:418,160:308 and 160:324 and 160:328 or 160:308 and 160:324 and 160:342
160:421,160:324 and 160:328 and 160:342 and 640:251
160:422,160:328 or 640:250 and 640:251
160:425,160:328 or 160:342 or 160:324
160:433,160:421
160:434,160:324 or 160:342 or 160:328
160:437,160:328 or 160:342
160:438,160:327 or 160:328
160:451,160:324 or 160:328 or 160:342
160:461,160:327 or 160:351 and 160:361
160:471,160:351 or 160:371
160:475,160:308 and 160:316 and 160:328 or 160:308 and 160:316 and 160:342 or 160:308 and 160:316 and 160:371
160:476,160:308 or 160:324 or 160:328 or 160:371
160:477,160:371
160:480,160:305 or 160:306 or 160:307 or 160:308 or 160:315 or 160:316 or 160:323 or 160:324 or 160:327 or 160:328 or 160:342 or 115:409
160:482,160:308 or 160:316 or 115:403 or 694:407
160:487,640:151 or 640:152 or 160:250 or 640:251 or 160:327 or 160:328 or 160:341 or 160:342 or 160:421 or 160:425 or 160:434 or 750:361
180:215,440:127 or 198:151 or 198:101 or 198:111
180:243,440:221 and 440:291 and 640:152 or 440:221 and 440:291 and 640:291 or 440:221 and 440:291 and 640:235 or 440:221 and 440:291 and 640:221
180:301,180:243 or 640:251
180:305,440:221 or 440:291
180:318,180:243 and 750:291 and 640:251 or 180:243 and 750:291 and 640:291 or 180:243 and 750:291 and 640:235 or 180:243 and 750:291 and 640:221
180:320,180:243 or 180:318
180:345,180:243
180:364,180:243
180:372,180:387 and 650:312 and 180:243
180:374,180:387
180:382,180:387 or 650:312
180:387,440:222 and 750:254 and 440:292 and 640:244 or 440:222 and 750:254 and 440:292 and 640:314 or 440:222 and 750:254 and 440:292 and 640:314
180:406,960:401 and 960:379 and 180:305
180:407,180:305 or 180:406
180:411,180:320 or 180:318
180:413,180:318 or 180:320
180:426,180:318 or 180:320 and 180:411 and 180:421
180:429,180:387 or 180:389
180:430,960:379 and 960:401 and 180:364
180:431,180:387 and 180:387 and 180:389 and 180:429 or 650:312 and 650:312 and 180:389 and 180:429
180:438,180:364 or 180:430
180:443,180:387
180:448,180:387 or 650:312
180:473,180:372 or 180:374
180:474,180:372 or 180:374 and 180:473
198:107,640:135 or 640:151 or 640:153 or 640:191
198:112,198:111
198:205,198:111 or 332:252
198:206,198:205 and 332:312 and 640:152 or 198:205 and 332:312 and 640:192
198:210,198:142 or 960:142 or 198:111
198:211,198:112 or 332:351
198:213,198:112 or 332:351
198:214,198:112 and 332:351 and 198:211 or 198:112 and 332:351 and 332:331
198:221,640:136 or 640:138 or 640:140 or 640:144 or 640:152 or 640:154 or 640:192
198:230,198:110 or 198:111 or 198:170
198:310,198:142 and 960:291 and 198:210 and 198:210 or 198:142 and 960:291 and 960:295 and 960:295 or 198:142 and 960:291 and 547:221 and 547:221 or 960:142 and 960:291 and 198:210 and 198:210 or 960:142 and 960:291 and 960:295 and 960:295 or 960:142 and 960:291 and 547:221 and 547:221
198:314,198:205 and 198:211 and 640:152 and 640:152 or 198:205 and 198:211 and 640:192 and 640:192 or 198:205 and 332:331 and 640:152 and 640:152 or 332:312 and 332:331 and 640:152 and 640:152 or 332:312 and 332:331 and 640:192 and 640:192 or 332:312 and 198:211 and 640:152 and 640:152
198:323,640:152 or 640:250
198:324,198:323 or 640:373
198:334,198:206 and 198:112 and 640:250 and 640:250 or 198:206 and 332:351 and 640:250 and 640:250 or 198:112 and 332:226 and 640:250 and 640:250 or 332:226 and 332:351 and 640:250 and 640:250 or 198:112 and 640:477 and 640:250 and 640:250 or 640:477 and 640:250 and 332:351 and 332:351
198:336,198:205 and 198:112 and 640:152 and 640:152 or 198:205 and 198:112 and 640:192 and 640:192 or 332:312 and 198:112 and 640:152 and 640:152 or 332:312 and 332:351 and 640:152 and 640:152 or 198:205 and 332:351 and 640:152 and 640:152 or 198:205 and 332:351 and 640:192 and 640:192
198:344,198:112 and 332:351 and 198:206 or 198:112 and 332:351 and 640:477 or 198:112 and 332:351 and 332:321 or 198:112 and 332:351 and 332:226
198:345,198:210 or 198:112 or 332:351
198:352,198:206 and 640:477 and 332:226 and 198:211 or 198:206 and 640:477 and 332:226 and 332:331
198:415,198:211 and 332:331 and 198:314
198:416,198:214 and 332:252 and 198:211 or 198:214 and 332:252 and 332:331
198:417,198:416
198:419,198:205 and 198:416 and 640:152 and 640:152 or 198:205 and 198:416 and 640:192 and 640:192 or 332:312 and 198:416 and 640:152 and 640:152 or 332:312 and 198:352 and 640:152 and 640:152 or 198:205 and 198:352 and 640:152 and 640:152 or 198:205 and 198:352 and 640:192 and 640:192
198:424,198:221 or 198:323 or 640:373
198:425,640:136 and 640:152 and 198:206
198:428,198:112 and 640:152 and 640:250 and 640:250 or 332:351 and 640:152 and 640:250 and 640:250
198:431,198:314 and 198:336 and 198:213 or 198:352 and 198:416 and 198:213
198:437,198:214 or 198:336
198:439,198:205 and 332:202 and 332:312 and 640:152 or 198:205 and 332:202 and 332:312 and 640:192
198:440,198:205 and 332:202 and 332:312 and 640:152 or 198:205 and 332:202 and 332:312 and 640:192
198:442,198:111 or 198:142
198:443,198:111 or 332:252
198:444,198:440 or 198:439
198:445,198:111 or 198:142
198:452,198:344
198:460,198:206 or 332:321 or 332:226 or 640:477 or 960:381
198:461,640:250 and 198:206 and 198:112 and 198:112 or 640:250 and 332:226 and 198:112 and 198:112 or 640:250 and 960:379 and 198:112 and 198:112 or 640:250 and 640:477 and 198:112 and 198:112 or 640:250 and 332:226 and 332:351 and 332:351 or 640:250 and 198:206 and 332:351 and 332:351
198:462,640:250 and 198:112 and 198:206 and 198:206 or 640:250 and 198:112 and 640:477 and 640:477 or 640:250 and 198:112 and 960:379 and 960:379
198:463,198:344
332:221,640:152 and 640:154 and 640:192 and 750:124 or 640:152 and 640:154 and 640:192 and 750:116 or 640:152 and 640:154 and 640:192 and 750:201 or 640:152 and 640:154 and 640:192 and 750:203 or 640:152 and 640:154 and 640:192 and 750:271
332:222,332:221 and 750:234 and 640:251 or 640:221 and 640:235 and 332:221 or 640:291 and 640:235 and 332:221
332:223,640:152 and 640:154 and 640:192 and 750:124 or 640:152 and 640:154 and 640:192 and 750:116 or 640:152 and 640:154 and 640:192 and 750:201 or 640:152 and 640:154 and 640:192 and 750:203 or 640:152 and 640:154 and 640:192 and 750:271
332:224,332:221 or 332:223
332:226,640:251 or 640:291
332:231,640:152 and 640:154 and 640:192 and 750:123 or 640:152 and 640:154 and 640:192 and 750:116 or 640:152 and 640:154 and 640:192 and 750:201 or 640:152 and 640:154 and 640:192 and 750:203 or 640:152 and 640:154 and 640:192 and 750:271
332:233,640:152 and 640:154 and 640:192 and 750:123 or 640:152 and 640:154 and 640:192 and 750:116 or 640:152 and 640:154 and 640:192 and 750:201 or 640:152 and 640:154 and 640:192 and 750:203 or 640:152 and 640:154 and 640:192 and 750:271
332:252,440:127
332:254,440:127
332:312,640:251 or 640:291
332:322,332:345 and 332:226 and 332:345 and 332:226 or 332:345 and 640:477 and 332:345 and 640:477 or 332:345 and 198:206 and 332:345 and 198:206
332:331,332:231 or 332:233
332:333,332:231 or 332:233
332:345,332:222 and 640:244 and 640:244 and 640:244 or 332:222 and 640:314 and 640:314 and 640:314 or 332:222 and 640:314 and 640:314 and 640:314 or 332:222 and 640:292 and 640:292 and 640:292 or 332:222 and 640:252 and 640:252 and 640:252
332:346,332:345 or 440:127
332:347,332:222 and 332:224 and 640:244 and 640:244 or 332:222 and 332:224 and 640:314 and 640:314 or 332:222 and 332:224 and 640:314 and 640:314 or 332:222 and 332:224 and 640:292 and 640:292 or 332:222 and 332:224 and 640:252 and 640:252
332:348,332:345 or 440:127
332:351,198:111 or 332:252
332:361,332:222
332:363,332:222 or 332:224
332:364,332:361
332:366,332:361 or 332:363
332:368,332:361 or 332:363
332:373,640:251 and 640:251 and 750:227 and 750:227 or 640:291 and 640:291 and 750:227 and 750:227
332:375,640:251 and 640:251 and 750:227 and 750:227 or 640:291 and 640:291 and 750:227 and 750:227
332:376,198:211 or 332:331
332:378,198:211 or 332:331
332:382,640:152 and 640:152 and 750:227 and 332:222 or 640:154 and 640:154 and 750:227 and 332:222 or 640:192 and 640:192 and 750:227 and 332:222 or 640:152 and 640:152 and 750:272 and 332:222 or 640:154 and 640:154 and 750:272 and 332:222 or 640:192 and 640:192 and 750:272 and 332:222
332:411,332:222 or 750:234
332:415,332:345
332:417,332:345
332:421,332:345
332:424,332:312 or 198:205 or 640:300 or 332:226
332:427,332:322
332:434,198:112 and 198:112 and 332:351 and 332:331
332:437,332:331 and 198:211 and 332:351 or 332:331 and 198:211 and 198:112
332:443,640:250 and 640:350 and 640:291 and 332:226 or 640:250 and 640:350 and 640:291 and 960:381 or 640:250 and 640:350 and 640:291 and 640:477 or 640:250 and 640:350 and 640:291 and 198:206
332:445,332:252 and 198:111 and 332:331
332:447,332:346
332:448,332:345 or 332:449
332:451,332:331 and 332:331 and 332:351 and 332:351 or 198:211 and 198:211 and 332:351 and 332:351
332:452,332:351 or 198:112
332:453,332:351 or 198:214 or 198:213
332:456,198:112 or 332:351
332:460,332:361
332:461,332:366
332:463,332:361
332:464,332:361 or 332:463
332:465,332:361
332:466,332:361 or 332:382
332:467,332:361
332:472,332:345 or 332:346
332:474,332:252
332:478,332:376
332:479,332:252 and 332:331 and 332:361 and 332:366 or 198:112 and 332:331 and 332:361 and 332:366 or 332:252 and 198:211 and 332:361 and 332:366 or 198:112 and 198:211 and 332:361 and 332:366
332:481,332:382
332:482,332:479
332:494,332:331 or 332:434 or 198:211
440:102,440:101
440:192,440:191
440:221,640:151 and 640:121 and 640:135 and 750:123 or 640:151 and 640:191 and 640:135 and 750:203 or 750:202 and 750:271 and 750:115 and 640:151 or 640:151 and 640:191 and 640:135 and 750:271 or 640:151 and 640:121 and 640:135 and 750:213 or 640:151 and 640:135 and 640:121 and 750:131
440:222,640:152 and 640:154 and 640:192 and 440:221 or 640:152 and 640:154 and 640:192 and 440:291 or 640:152 and 640:122 and 640:136 and 440:221 or 640:152 and 640:122 and 640:136 and 440:291
440:291,640:151 and 640:153 and 750:271 or 640:151 and 640:153 and 750:123
440:292,440:291
440:301,640:151
440:302,640:152
440:371,440:301 or 440:302 and 160:160 and 640:251 and 750:227
440:373,440:302
440:378,440:301 or 731:501
440:406,440:301 or 731:501
440:408,440:301
440:418,440:301
440:419,440:371
440:420,640:244 or 440:371
440:468,440:301 or 731:501
440:470,440:301
440:471,440:301 or 731:501
440:473,125:301 or 440:301
440:477,440:301 and 731:501 and 440:473
440:489,440:301
440:490,440:301
540:201,640:151 or 640:191 or 640:135 or 640:121
540:202,640:151 or 640:191 or 640:135 or 640:121
540:210,640:152 or 640:192 or 640:136 or 640:122
540:213,640:151 and 640:191 and 640:135 and 440:127 or 640:151 and 640:191 and 640:121 and 440:127 or 640:151 and 640:135 and 640:121 and 440:127 or 640:191 and 640:135 and 640:121 and 440:127
540:303,635:407
540:304,635:407
540:311,640:244 or 640:314 or 640:314
540:320,540:210
540:338,640:244 and 640:314 and 640:314 and 540:210
540:382,640:244 and 640:314 and 640:314 and 750:227
540:383,640:244 and 640:314 and 640:314 and 750:227
540:384,540:338
540:399,540:382 or 540:338 and 540:383
540:400,540:303 or 540:304 and 540:384 and 540:399
540:433,540:320
540:434,540:320
540:453,540:311 or 540:338
540:462,540:201 or 540:202 and 540:303 and 540:304
540:485,540:320
540:487,540:311
540:488,540:382 or 540:383
635:203,160:160 and 160:162 and 160:116 and 640:151 or 160:116 and 160:160 and 160:162 and 640:135 or 160:116 and 160:160 and 160:162 and 640:121
635:204,640:152 or 640:136 or 640:122
635:205,160:159 and 160:161 and 160:115 and 640:151 or 160:115 and 160:159 and 160:161 and 640:135 or 160:115 and 160:159 and 160:161 and 640:121 or 160:160 and 160:162 and 160:115 and 640:151
635:206,160:160 and 160:162 and 160:162 and 640:152 or 160:116 and 160:116 and 160:116 and 640:152
635:303,150:206 or 635:206
635:305,160:160 and 160:162 and 640:251
635:307,150:205 and 150:206 and 150:205 or 635:205 and 635:206 and 635:205
635:309,160:160 and 160:162 and 635:205
635:312,160:161 and 160:161 and 160:162 and 160:162 or 160:160 and 160:160 and 160:161 and 160:161 or 160:159 and 160:159 and 160:162 and 160:162 or 160:159 and 160:159 and 160:160 and 160:160
635:314,150:206 or 635:206
635:316,640:244
635:331,150:330 or 635:330
635:361,160:159 or 160:160
635:402,150:305 or 635:305
635:405,640:244
635:407,440:221 or 440:291
635:411,150:305 and 150:306 and 150:305 or 635:305 and 635:306 and 635:305
635:412,635:305
635:416,160:160 or 160:162
640:011,640:026
640:012,640:111
640:013,640:111 and 640:112 and 640:115
640:024,640:023
640:025,640:001
640:026,640:024 or 640:025 or 640:027 or 003:102
640:027,640:001
640:107,640:025 or 640:026 or 640:027 or 640:024
640:108,640:026 or 640:027 or 640:042 or 640:112 or 640:112 or 640:113 or 640:113
640:109,640:026 or 640:027 or 640:107 or 640:042 or 640:112 or 640:112 or 640:113 or 640:113
640:110,640:107
640:111,640:026 or 640:113 or 640:113
640:112,640:111
640:115,640:026 or 640:113 or 640:113
640:130,640:111 or 640:112 or 640:115 or 640:113 or 640:113 or 640:114
640:135,640:113 and 640:114 and 640:112 or 640:113 and 640:114 and 640:115
640:136,640:135 or 640:151 or 640:135 or 640:155 or 640:121 or 640:135
640:138,640:135 or 640:151 or 640:153 or 640:191 or 640:135 or 640:135
640:140,640:135 or 640:137 or 640:139 or 640:143 or 640:151 or 640:153 or 640:191 or 640:121 or 640:136 or 640:136
640:151,640:113 and 640:114 and 640:112 or 640:113 and 640:114 and 640:115
640:152,640:135 or 640:151 or 640:135 or 640:155 or 640:121 or 640:135
640:154,640:135 or 640:151 or 640:153
640:157,640:113 and 640:114 and 640:112 or 640:113 and 640:114 and 640:115 or 640:113 and 640:114 and 640:112 or 640:113 and 640:114 and 640:115 or 640:113 and 640:114 and 640:112 or 640:113 and 640:114 and 640:115
640:162,640:161
640:192,640:191
640:197,640:026 or 640:027 or 640:042 or 640:112 or 640:112 or 640:113 or 640:113
640:198,640:025 or 640:027 or 640:042 or 640:112 or 640:112 or 640:113 or 640:113
640:244,640:243 or 640:251 or 640:291 or 640:235 or 640:235
640:251,640:152 or 640:192 or 640:136 or 640:156 or 640:122
640:252,640:251 and 640:291 and 640:235 and 640:250 or 640:251 and 640:291 and 640:235 and 640:350 or 640:251 and 640:291 and 640:235 and 640:350 or 640:251 and 640:221 and 640:235 and 640:250 or 640:251 and 640:221 and 640:235 and 640:350 or 640:251 and 640:221 and 640:235 and 640:350
640:285,640:251 or 640:235 or 640:221
640:292,640:291
640:300,640:250 or 640:251 or 640:291 or 640:350 or 640:235 or 640:350
640:311,640:244 and 640:300 and 640:300 and 640:300 or 640:252 and 640:300 and 640:300 and 640:300 or 640:292 and 640:300 and 640:300 and 640:300 or 640:314 and 640:250 and 640:300 and 640:300 or 640:314 and 640:350 and 640:300 and 640:300
640:312,640:311
640:321,640:244 and 640:244 and 640:244 and 640:244 or 640:252 and 640:252 and 640:252 and 640:252 or 640:292 and 640:292 and 640:292 and 640:292 or 640:250 and 640:314 and 640:314 and 640:314 or 640:350 and 640:314 and 640:314 and 640:314 or 640:350 and 640:314 and 640:314 and 640:314
640:325,640:244 and 640:244 and 640:244 and 640:244 or 640:252 and 640:252 and 640:252 and 640:252 or 640:292 and 640:292 and 640:292 and 640:292 or 640:250 and 640:314 and 640:314 and 640:314 or 640:350 and 640:314 and 640:314 and 640:314 or 640:350 and 640:314 and 640:314 and 640:314
640:336,640:250 and 640:350 and 640:350 and 640:244 or 640:250 and 640:350 and 640:350 and 640:252 or 640:250 and 640:350 and 640:350 and 640:292 or 640:250 and 640:350 and 640:350 and 640:314
640:338,640:477 and 640:250 and 640:251 and 640:251 or 640:477 and 640:250 and 640:291 and 640:291 or 640:477 and 640:350 and 640:291 and 640:291 or 960:381 and 640:250 and 640:251 and 640:251 or 198:206 and 640:250 and 640:251 and 640:251 or 540:210 and 640:250 and 640:251 and 640:251
640:348,640:300 and 640:356 and 640:477 and 640:250 or 640:300 and 640:356 and 640:477 and 640:350 or 640:300 and 640:356 and 640:477 and 640:350
640:350,640:250 and 640:300 and 640:251 and 640:251 or 640:250 and 640:300 and 640:291 and 640:291 or 640:250 and 640:300 and 640:235 and 640:235 or 640:250 and 640:300 and 640:251 and 640:251 or 640:350 and 640:300 and 640:291 and 640:291 or 640:350 and 640:300 and 640:235 and 640:235
640:351,640:250 and 640:300 and 640:251 and 640:251 or 640:250 and 640:300 and 640:291 and 640:291 or 640:350 and 640:300 and 640:291 and 640:291 or 640:250 and 640:300 and 640:235 and 640:235 or 640:350 and 640:300 and 640:251 and 640:251 or 640:350 and 640:300 and 640:235 and 640:235
640:352,640:300 or 640:351
640:354,640:250 or 640:350 or 640:350
640:355,640:354
640:356,640:251 and 640:291 and 640:235 and 640:300
640:357,640:251 and 640:291 and 640:235 and 640:250 or 640:251 and 640:291 and 640:235 and 640:350 or 640:251 and 640:291 and 640:235 and 640:350
640:361,640:250 and 640:350 and 640:350 and 640:300 or 640:251 and 640:291 and 640:235 and 640:300
640:373,640:244 and 640:244 and 640:244 and 640:244 or 640:252 and 640:252 and 640:252 and 640:252 or 640:292 and 640:292 and 640:292 and 640:292 or 640:250 and 640:314 and 640:314 and 640:314 or 640:350 and 640:314 and 640:314 and 640:314 or 640:350 and 640:314 and 640:314 and 640:314
640:374,640:244 and 640:252 and 640:373
640:403,640:244 and 640:244 and 640:244 and 640:244 or 640:252 and 640:252 and 640:252 and 640:252 or 640:292 and 640:292 and 640:292 and 640:292 or 640:250 and 640:314 and 640:314 and 640:314 or 640:350 and 640:314 and 640:314 and 640:314 or 640:350 and 640:314 and 640:314 and 640:314
640:412,640:411
640:421,640:244 or 640:252 or 640:292 or 640:314 or 640:314
640:423,640:244 and 640:244 and 640:244 and 640:244 or 640:252 and 640:252 and 640:252 and 640:252 or 640:292 and 640:292 and 640:292 and 640:292 or 640:250 and 640:314 and 640:314 and 640:314 or 640:350 and 640:314 and 640:314 and 640:314 or 640:350 and 640:314 and 640:314 and 640:314
640:424,640:250 and 640:477 and 640:244 and 640:244 or 640:250 and 640:477 and 640:252 and 640:252 or 640:250 and 640:477 and 640:292 and 640:292 or 640:250 and 960:381 and 640:244 and 640:244 or 640:250 and 960:381 and 640:252 and 640:252 or 640:250 and 960:381 and 640:292 and 640:292
640:428,640:251 and 640:291 and 640:235 and 640:250 or 640:251 and 640:291 and 640:235 and 640:350 or 640:251 and 640:291 and 640:235 and 640:350
640:432,640:311 or 640:411
640:435,640:250 and 640:300 and 640:251 and 640:251 or 640:250 and 640:300 and 640:291 and 640:291 or 640:350 and 640:300 and 640:291 and 640:291 or 640:250 and 640:300 and 640:235 and 640:235 or 640:350 and 640:300 and 640:251 and 640:251 or 640:350 and 640:300 and 640:235 and 640:235
640:437,640:251 and 640:291 and 640:235 and 640:250 or 640:251 and 640:291 and 640:235 and 640:350 or 640:251 and 640:291 and 640:235 and 640:350
640:441,640:244 and 640:311 and 640:311 and 640:311 or 640:252 and 640:311 and 640:311 and 640:311 or 640:292 and 640:311 and 640:311 and 640:311 or 640:250 and 640:314 and 640:311 and 640:311 or 640:350 and 640:314 and 640:311 and 640:311 or 640:350 and 640:314 and 640:311 and 640:311
640:442,640:441
640:452,640:451
640:453,640:250
640:454,640:250 and 640:350 and 640:350 and 640:152 or 640:250 and 640:350 and 640:350 and 640:192 or 640:250 and 640:350 and 640:350 and 640:136 or 640:250 and 640:350 and 640:350 and 640:156
640:461,640:251 and 640:291 and 640:235 and 640:300
640:468,640:311 or 640:351
640:477,640:251 or 640:291 or 640:235
640:478,640:250 and 640:477 and 640:477 and 640:477 or 640:350 and 640:477 and 640:477 and 640:477 or 640:350 and 640:477 and 640:477 and 640:477 or 640:250 and 960:381 and 640:251 and 640:251 or 640:250 and 960:381 and 640:235 and 640:235 or 640:350 and 960:381 and 640:235 and 640:235
640:481,640:477 and 960:381 and 960:381 and 640:250 or 640:477 and 960:381 and 960:381 and 640:350 or 640:477 and 960:381 and 960:381 and 640:350
640:485,640:250 and 640:244 and 640:477 and 640:477 or 640:250 and 640:252 and 640:477 and 640:477 or 640:250 and 640:292 and 640:477 and 640:477 or 640:250 and 640:244 and 960:381 and 960:381 or 640:250 and 640:252 and 960:381 and 960:381 or 640:250 and 640:244 and 332:226 and 332:226
640:486,640:477 and 960:381 and 640:285
640:487,640:486
640:488,640:477
640:490,640:485
640:495,640:244 and 640:250 and 640:252 or 640:244 and 640:250 and 640:292
650:210,440:221 and 440:291 and 640:152 or 440:221 and 440:291 and 640:136 or 440:221 and 440:291 and 640:122 or 440:221 and 440:291 and 640:192
650:231,440:127 or 198:107
650:291,440:221 and 440:291 and 640:152 or 440:221 and 440:291 and 640:136 or 440:221 and 440:291 and 640:122 or 440:221 and 440:291 and 640:192
650:312,640:244 and 640:292 and 640:314 and 440:222 or 640:244 and 640:292 and 640:314 and 440:292
650:342,650:291 and 440:222 and 640:251 and 650:388 or 650:291 and 440:222 and 640:291 and 650:388 or 650:291 and 440:292 and 640:251 and 650:388 or 650:291 and 440:292 and 640:291 and 650:388 or 180:243 and 440:222 and 640:251 and 650:388 or 180:243 and 440:222 and 640:291 and 650:388
650:350,650:361 and 650:291 and 640:251 and 640:251 or 650:361 and 650:291 and 640:291 and 640:291 or 650:361 and 650:291 and 640:221 and 640:221 or 650:361 and 650:291 and 640:235 and 640:235
650:351,440:222 and 750:227 and 640:251 and 640:251 or 440:292 and 750:227 and 640:251 and 640:251 or 440:292 and 750:272 and 640:291 and 640:291 or 440:222 and 750:272 and 640:251 and 640:251 or 440:292 and 750:272 and 640:251 and 640:251 or 440:222 and 750:227 and 640:291 and 640:291
650:361,640:152 and 640:136 and 640:122 and 440:221 or 640:152 and 640:136 and 640:122 and 440:291 or 640:192 and 640:136 and 640:122 and 440:221 or 640:192 and 640:136 and 640:122 and 440:291
650:388,640:152 and 640:136 and 440:221 or 640:122 and 640:192 and 440:221 or 640:152 and 640:136 and 440:291 or 640:122 and 640:192 and 440:291
650:401,640:244 and 640:292 and 640:314 and 440:222 or 640:244 and 640:292 and 640:314 and 440:292
650:431,650:350 or 650:312 and 650:351
650:432,650:312 or 650:350 and 650:351 and 650:291
650:433,650:291 or 650:312 and 650:350 and 650:351
650:434,650:312 and 650:342 and 650:350 and 650:351 or 650:349 and 650:342 and 650:350 and 650:351 or 650:471 and 650:342 and 650:350 and 650:351 or 650:472 and 650:342 and 650:350 and 650:351 or 650:473 and 650:342 and 650:350 and 650:351
650:435,650:312 or 650:350 and 650:351 and 650:291
650:439,640:244 or 650:351
650:443,440:222 and 640:421 and 650:291 and 650:291 or 440:292 and 640:421 and 650:291 and 650:291
650:447,640:421
650:449,640:244 and 640:292 and 650:291 or 640:314 and 640:314 and 650:291
650:451,440:222 or 440:292
650:455,650:342 or 650:388
650:457,650:342 or 650:388
650:458,640:251 and 640:291 and 640:221 and 650:291 or 640:251 and 640:291 and 640:235 and 650:291
650:459,650:312 or 650:351
650:460,650:312 or 650:351
650:461,650:351
650:462,650:351
650:463,650:312 or 650:351
650:465,650:312 or 650:351
650:467,650:312 or 650:342 and 650:350 and 650:351 and 650:388
650:468,650:467
650:471,440:222 and 440:292 and 640:421
650:472,125:303 or 650:312
650:473,650:342
650:474,650:351
650:477,650:351
650:478,650:342 or 650:351
650:481,640:421 or 650:312 and 650:351
650:485,440:127 or 650:342
650:487,650:312 or 650:342 and 650:350 and 650:351 and 650:388
650:488,650:487
750:116,750:115 or 750:123
750:124,750:115 or 750:123
750:194,750:193 and 750:193
750:201,640:112 or 640:115 or 640:135 or 640:151 or 640:115 or 640:121 or 640:114 or 640:135
750:202,750:116 or 750:124 or 750:193 or 750:201 or 750:203 or 750:271
750:204,750:201 or 750:203
750:206,750:201 or 750:203 or 750:205
750:227,750:116 and 750:124 and 750:271 and 640:152
750:228,750:204 and 750:204 and 640:152 or 750:227 and 750:227 and 640:152 or 750:272 and 750:272 and 640:152
750:229,750:116 or 750:124 or 750:201 or 750:203 or 750:271 or 750:213 or 750:131 or 750:203 or 750:203
750:230,750:227 or 750:214 or 750:132 or 750:204 or 750:204 or 750:204
750:272,640:151 or 750:271
750:273,750:272 or 640:152
750:276,750:275
750:301,750:194 and 750:202 and 750:204 and 640:136 or 750:194 and 750:202 and 750:204 and 640:152 or 750:227 and 750:272 and 750:272 and 640:136 or 750:227 and 750:272 and 750:272 and 640:152
750:305,750:227 and 750:272 and 640:251
750:313,750:202 and 750:204 and 750:228 and 640:136 or 750:202 and 750:204 and 750:228 and 640:152
750:323,750:202 and 750:204 and 750:228 and 640:136 or 750:202 and 750:204 and 750:228 and 640:152
750:324,750:323 or 750:381
750:326,750:204 and 750:206 and 750:202 or 750:228 and 750:230 and 750:202 or 750:273 and 750:276 and 750:202
750:327,750:204 and 750:206 and 750:202 or 750:227 and 750:229 and 750:194 or 750:272 and 750:276 and 750:194
750:341,640:152 and 640:152 and 750:201 or 640:152 and 640:152 and 750:203 or 640:152 and 640:152 and 750:116 or 640:152 and 640:152 and 750:124 or 640:152 and 640:152 and 750:271
750:342,750:202 and 750:204 and 640:152 or 750:228 and 750:273 and 640:152
750:343,750:341 or 750:342
750:344,750:342 or 105:342
750:345,750:341 or 750:342
750:346,750:341 and 750:342 and 750:345
750:351,640:251 and 640:291 and 750:204 or 640:251 and 640:291 and 750:227 or 640:251 and 640:291 and 750:272 or 640:251 and 640:291 and 750:194 or 640:251 and 640:291 and 750:202
750:361,750:228 and 750:273 and 640:244 or 750:228 and 750:273 and 640:252 or 750:228 and 750:273 and 640:292
750:381,750:124 and 750:271 and 640:152
750:382,750:381
750:385,750:227 and 750:272 and 640:251 or 750:227 and 750:272 and 640:291
750:386,750:385
750:387,750:326 or 750:327
750:388,750:326 and 750:327 and 750:313 and 750:313 or 750:326 and 750:327 and 750:361 and 750:361 or 750:326 and 750:327 and 750:417 and 750:417
750:389,750:326 and 750:327 and 750:361 and 750:361 or 750:326 and 750:327 and 750:313 and 750:313
750:397,750:204 or 750:228 or 750:273 or 750:202 or 750:194
750:406,750:361 or 750:417
750:417,750:361
750:418,750:361 or 750:417
750:421,750:228 and 750:273 and 640:244 or 750:228 and 750:273 and 640:250 or 750:228 and 750:273 and 640:252
750:431,640:136 or 640:138 or 640:152 or 640:192
750:441,750:351 and 750:361 and 750:342
750:442,750:361 and 750:386 and 750:342
750:443,750:361 and 750:381 and 750:351 and 750:342
750:444,750:341 and 750:342 and 750:341 and 750:342 or 750:351 and 750:361 and 750:351 and 750:361
750:451,750:124 and 750:203 and 750:271 and 640:136 or 750:124 and 750:203 and 750:271 and 640:152 or 750:115 and 750:201 and 750:201 and 640:136 or 750:115 and 750:201 and 750:201 and 640:152
750:464,640:421 or 640:423
750:487,750:361
750:488,750:228 and 750:273 and 750:273 and 640:250 or 750:228 and 750:273 and 750:273 and 640:244
750:489,750:361 or 750:417
